Year,Month,DayofMonth,DayOfWeek,DepTime,CRSDepTime,ArrTime,CRSArrTime,UniqueCarrier,FlightNum,TailNum,ActualElapsedTime,CRSElapsedTime,AirTime,ArrDelay,DepDelay,Origin,Dest,Distance,TaxiIn,TaxiOut,Cancelled,CancellationCode,Diverted,CarrierDelay,WeatherDelay,NASDelay,SecurityDelay,LateAircraftDelay
1989,1,23,1,1419,1230,1742,1552,UA,183,NA,323,322,NA,110,109,SFO,HNL,2398,NA,NA,0,NA,0,NA,NA,NA,NA,NA
1989,1,24,2,1255,1230,1612,1552,UA,183,NA,317,322,NA,20,25,SFO,HNL,2398,NA,NA,0,NA,0,NA,NA,NA,NA,NA
1989,1,25,3,1230,1230,1533,1552,UA,183,NA,303,322,NA,-19,0,SFO,HNL,2398,NA,NA,0,NA,0,NA,NA,NA,NA,NA
1989,1,26,4,1230,1230,1523,1552,UA,183,NA,293,322,NA,-29,0,SFO,HNL,2398,NA,NA,0,NA,0,NA,NA,NA,NA,NA
1989,1,27,5,1232,1230,1513,1552,UA,183,NA,281,322,NA,-39,2,SFO,HNL,2398,NA,NA,0,NA,0,NA,NA,NA,NA,NA
1989,1,28,6,1228,1230,1550,1552,UA,183,NA,322,322,NA,-2,-2,SFO,HNL,2398,NA,NA,0,NA,0,NA,NA,NA,NA,NA
1989,1,29,7,1639,1230,1942,1552,UA,183,NA,303,322,NA,230,249,SFO,HNL,2398,NA,NA,0,NA,0,NA,NA,NA,NA,NA
1989,1,30,1,1231,1230,1531,1552,UA,183,NA,300,322,NA,-21,1,SFO,HNL,2398,NA,NA,0,NA,0,NA,NA,NA,NA,NA
1989,1,31,2,1405,1230,1827,1552,UA,183,NA,382,322,NA,155,95,SFO,HNL,2398,NA,NA,0,NA,0,NA,NA,NA,NA,NA
1989,1,2,1,1057,1045,1537,1554,UA,184,NA,160,189,NA,-17,12,DEN,IAD,1452,NA,NA,0,NA,0,NA,NA,NA,NA,NA
1989,1,3,2,1117,1045,1607,1554,UA,184,NA,170,189,NA,13,32,DEN,IAD,1452,NA,NA,0,NA,0,NA,NA,NA,NA,NA
1989,1,4,3,1107,1045,1604,1554,UA,184,NA,177,189,NA,10,22,DEN,IAD,1452,NA,NA,0,NA,0,NA,NA,NA,NA,NA
1989,1,5,4,1119,1045,1612,1554,UA,184,NA,173,189,NA,18,34,DEN,IAD,1452,NA,NA,0,NA,0,NA,NA,NA,NA,NA
1989,1,6,5,1044,1045,1548,1554,UA,184,NA,184,189,NA,-6,-1,DEN,IAD,1452,NA,NA,0,NA,0,NA,NA,NA,NA,NA
1989,1,7,6,1100,1045,1559,1554,UA,184,NA,179,189,NA,5,15,DEN,IAD,1452,NA,NA,0,NA,0,NA,NA,NA,NA,NA
1989,1,8,7,1110,1045,1554,1554,UA,184,NA,164,189,NA,0,25,DEN,IAD,1452,NA,NA,0,NA,0,NA,NA,NA,NA,NA
1989,1,9,1,1044,1045,1535,1554,UA,184,NA,171,189,NA,-19,-1,DEN,IAD,1452,NA,NA,0,NA,0,NA,NA,NA,NA,NA
1989,1,10,2,1048,1045,1539,1554,UA,184,NA,171,189,NA,-15,3,DEN,IAD,1452,NA,NA,0,NA,0,NA,NA,NA,NA,NA
1989,1,11,3,1150,1045,1701,1554,UA,184,NA,191,189,NA,67,65,DEN,IAD,1452,NA,NA,0,NA,0,NA,NA,NA,NA,NA
1989,1,12,4,1048,1045,1549,1554,UA,184,NA,181,189,NA,-5,3,DEN,IAD,1452,NA,NA,0,NA,0,NA,NA,NA,NA,NA
1989,1,13,5,1048,1045,1549,1554,UA,184,NA,181,189,NA,-5,3,DEN,IAD,1452,NA,NA,0,NA,0,NA,NA,NA,NA,NA
1989,1,14,6,1050,1045,1546,1554,UA,184,NA,176,189,NA,-8,5,DEN,IAD,1452,NA,NA,0,NA,0,NA,NA,NA,NA,NA
1989,1,15,7,1221,1045,1759,1554,UA,184,NA,218,189,NA,125,96,DEN,IAD,1452,NA,NA,0,NA,0,NA,NA,NA,NA,NA
1989,1,16,1,1048,1045,1542,1554,UA,184,NA,174,189,NA,-12,3,DEN,IAD,1452,NA,NA,0,NA,0,NA,NA,NA,NA,NA
1989,1,17,2,1054,1045,1551,1554,UA,184,NA,177,189,NA,-3,9,DEN,IAD,1452,NA,NA,0,NA,0,NA,NA,NA,NA,NA
1989,1,18,3,1046,1045,1545,1554,UA,184,NA,179,189,NA,-9,1,DEN,IAD,1452,NA,NA,0,NA,0,NA,NA,NA,NA,NA
1989,1,19,4,1045,1045,1538,1554,UA,184,NA,173,189,NA,-16,0,DEN,IAD,1452,NA,NA,0,NA,0,NA,NA,NA,NA,NA
1989,1,20,5,1046,1045,1550,1554,UA,184,NA,184,189,NA,-4,1,DEN,IAD,1452,NA,NA,0,NA,0,NA,NA,NA,NA,NA
1989,1,21,6,1147,1045,1640,1554,UA,184,NA,173,189,NA,46,62,DEN,IAD,1452,NA,NA,0,NA,0,NA,NA,NA,NA,NA
1989,1,22,7,1228,1045,1734,1554,UA,184,NA,186,189,NA,100,103,DEN,IAD,1452,NA,NA,0,NA,0,NA,NA,NA,NA,NA
1989,1,23,1,1043,1045,1554,1554,UA,184,NA,191,189,NA,0,-2,DEN,IAD,1452,NA,NA,0,NA,0,NA,NA,NA,NA,NA
1989,1,24,2,1053,1045,1557,1554,UA,184,NA,184,189,NA,3,8,DEN,IAD,1452,NA,NA,0,NA,0,NA,NA,NA,NA,NA
1989,1,25,3,1131,1045,1642,1554,UA,184,NA,191,189,NA,48,46,DEN,IAD,1452,NA,NA,0,NA,0,NA,NA,NA,NA,NA
1989,1,26,4,1043,1045,1556,1554,UA,184,NA,193,189,NA,2,-2,DEN,IAD,1452,NA,NA,0,NA,0,NA,NA,NA,NA,NA
1989,1,27,5,1116,1045,1621,1554,UA,184,NA,185,189,NA,27,31,DEN,IAD,1452,NA,NA,0,NA,0,NA,NA,NA,NA,NA
1989,1,28,6,1429,1045,1947,1554,UA,184,NA,198,189,NA,233,224,DEN,IAD,1452,NA,NA,0,NA,0,NA,NA,NA,NA,NA
1989,1,29,7,1109,1045,1624,1554,UA,184,NA,195,189,NA,30,24,DEN,IAD,1452,NA,NA,0,NA,0,NA,NA,NA,NA,NA
1989,1,30,1,1048,1045,1550,1554,UA,184,NA,182,189,NA,-4,3,DEN,IAD,1452,NA,NA,0,NA,0,NA,NA,NA,NA,NA
1989,1,31,2,1049,1045,1555,1554,UA,184,NA,186,189,NA,1,4,DEN,IAD,1452,NA,NA,0,NA,0,NA,NA,NA,NA,NA
1989,1,1,7,40,2230,742,515,UA,184,NA,302,285,NA,147,130,HNL,SFO,2398,NA,NA,0,NA,0,NA,NA,NA,NA,NA
1989,1,2,1,2242,2230,535,515,UA,184,NA,293,285,NA,20,12,HNL,SFO,2398,NA,NA,0,NA,0,NA,NA,NA,NA,NA
1989,1,3,2,2229,2230,515,515,UA,184,NA,286,285,NA,0,-1,HNL,SFO,2398,NA,NA,0,NA,0,NA,NA,NA,NA,NA
1989,1,4,3,2229,2230,505,515,UA,184,NA,276,285,NA,-10,-1,HNL,SFO,2398,NA,NA,0,NA,0,NA,NA,NA,NA,NA
1989,1,5,4,2230,2230,525,515,UA,184,NA,295,285,NA,10,0,HNL,SFO,2398,NA,NA,0,NA,0,NA,NA,NA,NA,NA
1989,1,6,5,2232,2230,533,515,UA,184,NA,301,285,NA,18,2,HNL,SFO,2398,NA,NA,0,NA,0,NA,NA,NA,NA,NA
1989,1,7,6,2228,2230,550,515,UA,184,NA,322,285,NA,35,-2,HNL,SFO,2398,NA,NA,0,NA,0,NA,NA,NA,NA,NA
1989,1,8,7,2235,2230,543,515,UA,184,NA,308,285,NA,28,5,HNL,SFO,2398,NA,NA,0,NA,0,NA,NA,NA,NA,NA
1989,1,9,1,2230,2230,522,515,UA,184,NA,292,285,NA,7,0,HNL,SFO,2398,NA,NA,0,NA,0,NA,NA,NA,NA,NA
1989,1,10,2,2237,2230,536,515,UA,184,NA,299,285,NA,21,7,HNL,SFO,2398,NA,NA,0,NA,0,NA,NA,NA,NA,NA
1989,1,11,3,2229,2230,515,515,UA,184,NA,286,285,NA,0,-1,HNL,SFO,2398,NA,NA,0,NA,0,NA,NA,NA,NA,NA
1989,1,12,4,2230,2230,513,515,UA,184,NA,283,285,NA,-2,0,HNL,SFO,2398,NA,NA,0,NA,0,NA,NA,NA,NA,NA
1989,1,13,5,2240,2230,531,515,UA,184,NA,291,285,NA,16,10,HNL,SFO,2398,NA,NA,0,NA,0,NA,NA,NA,NA,NA
1989,1,15,7,2232,2230,544,515,UA,184,NA,312,285,NA,29,2,HNL,SFO,2398,NA,NA,0,NA,0,NA,NA,NA,NA,NA
1989,1,16,1,2230,2230,539,515,UA,184,NA,309,285,NA,24,0,HNL,SFO,2398,NA,NA,0,NA,0,NA,NA,NA,NA,NA
1989,1,17,2,2227,2230,520,515,UA,184,NA,293,285,NA,5,-3,HNL,SFO,2398,NA,NA,0,NA,0,NA,NA,NA,NA,NA
1989,1,18,3,2228,2230,533,515,UA,184,NA,305,285,NA,18,-2,HNL,SFO,2398,NA,NA,0,NA,0,NA,NA,NA,NA,NA
1989,1,19,4,2229,2230,524,515,UA,184,NA,295,285,NA,9,-1,HNL,SFO,2398,NA,NA,0,NA,0,NA,NA,NA,NA,NA
1989,1,20,5,2229,2230,517,515,UA,184,NA,288,285,NA,2,-1,HNL,SFO,2398,NA,NA,0,NA,0,NA,NA,NA,NA,NA
1989,1,21,6,2241,2230,504,515,UA,184,NA,263,285,NA,-11,11,HNL,SFO,2398,NA,NA,0,NA,0,NA,NA,NA,NA,NA
1989,1,22,7,2253,2230,532,515,UA,184,NA,279,285,NA,17,23,HNL,SFO,2398,NA,NA,0,NA,0,NA,NA,NA,NA,NA
1989,1,23,1,2228,2230,516,515,UA,184,NA,288,285,NA,1,-2,HNL,SFO,2398,NA,NA,0,NA,0,NA,NA,NA,NA,NA
1989,1,24,2,2230,2230,518,515,UA,184,NA,288,285,NA,3,0,HNL,SFO,2398,NA,NA,0,NA,0,NA,NA,NA,NA,NA
1989,1,25,3,2229,2230,531,515,UA,184,NA,302,285,NA,16,-1,HNL,SFO,2398,NA,NA,0,NA,0,NA,NA,NA,NA,NA
1989,1,26,4,2228,2230,544,515,UA,184,NA,316,285,NA,29,-2,HNL,SFO,2398,NA,NA,0,NA,0,NA,NA,NA,NA,NA
1989,1,27,5,2229,2230,541,515,UA,184,NA,312,285,NA,26,-1,HNL,SFO,2398,NA,NA,0,NA,0,NA,NA,NA,NA,NA
1989,1,28,6,2231,2230,536,515,UA,184,NA,305,285,NA,21,1,HNL,SFO,2398,NA,NA,0,NA,0,NA,NA,NA,NA,NA
1989,1,29,7,2227,2230,528,515,UA,184,NA,301,285,NA,13,-3,HNL,SFO,2398,NA,NA,0,NA,0,NA,NA,NA,NA,NA
1989,1,30,1,2227,2230,520,515,UA,184,NA,293,285,NA,5,-3,HNL,SFO,2398,NA,NA,0,NA,0,NA,NA,NA,NA,NA
1989,1,31,2,2231,2230,526,515,UA,184,NA,295,285,NA,11,1,HNL,SFO,2398,NA,NA,0,NA,0,NA,NA,NA,NA,NA
1989,1,1,7,2033,2035,2107,2109,UA,184,NA,34,34,NA,-2,-2,LIH,HNL,102,NA,NA,0,NA,0,NA,NA,NA,NA,NA
1989,1,2,1,2028,2035,2107,2109,UA,184,NA,39,34,NA,-2,-7,LIH,HNL,102,NA,NA,0,NA,0,NA,NA,NA,NA,NA
1989,1,3,2,2031,2035,2107,2109,UA,184,NA,36,34,NA,-2,-4,LIH,HNL,102,NA,NA,0,NA,0,NA,NA,NA,NA,NA
1989,1,4,3,2031,2035,2105,2109,UA,184,NA,34,34,NA,-4,-4,LIH,HNL,102,NA,NA,0,NA,0,NA,NA,NA,NA,NA
1989,1,5,4,2029,2035,2108,2109,UA,184,NA,39,34,NA,-1,-6,LIH,HNL,102,NA,NA,0,NA,0,NA,NA,NA,NA,NA
1989,1,6,5,2105,2035,2143,2109,UA,184,NA,38,34,NA,34,30,LIH,HNL,102,NA,NA,0,NA,0,NA,NA,NA,NA,NA
1989,1,7,6,2028,2035,2102,2109,UA,184,NA,34,34,NA,-7,-7,LIH,HNL,102,NA,NA,0,NA,0,NA,NA,NA,NA,NA
1989,1,8,7,2033,2035,2112,2109,UA,184,NA,39,34,NA,3,-2,LIH,HNL,102,NA,NA,0,NA,0,NA,NA,NA,NA,NA
1989,1,9,1,2029,2035,2110,2109,UA,184,NA,41,34,NA,1,-6,LIH,HNL,102,NA,NA,0,NA,0,NA,NA,NA,NA,NA
1989,1,10,2,2031,2035,2113,2109,UA,184,NA,42,34,NA,4,-4,LIH,HNL,102,NA,NA,0,NA,0,NA,NA,NA,NA,NA
1989,1,11,3,2029,2035,2111,2109,UA,184,NA,42,34,NA,2,-6,LIH,HNL,102,NA,NA,0,NA,0,NA,NA,NA,NA,NA
1989,1,12,4,2026,2035,2108,2109,UA,184,NA,42,34,NA,-1,-9,LIH,HNL,102,NA,NA,0,NA,0,NA,NA,NA,NA,NA
1989,1,14,6,2033,2035,2109,2109,UA,184,NA,36,34,NA,0,-2,LIH,HNL,102,NA,NA,0,NA,0,NA,NA,NA,NA,NA
1989,1,15,7,2031,2035,2110,2109,UA,184,NA,39,34,NA,1,-4,LIH,HNL,102,NA,NA,0,NA,0,NA,NA,NA,NA,NA
1989,1,16,1,2030,2035,2107,2109,UA,184,NA,37,34,NA,-2,-5,LIH,HNL,102,NA,NA,0,NA,0,NA,NA,NA,NA,NA
1989,1,17,2,2030,2035,2106,2109,UA,184,NA,36,34,NA,-3,-5,LIH,HNL,102,NA,NA,0,NA,0,NA,NA,NA,NA,NA
1989,1,18,3,2028,2035,2104,2109,UA,184,NA,36,34,NA,-5,-7,LIH,HNL,102,NA,NA,0,NA,0,NA,NA,NA,NA,NA
1989,1,19,4,2032,2035,2110,2109,UA,184,NA,38,34,NA,1,-3,LIH,HNL,102,NA,NA,0,NA,0,NA,NA,NA,NA,NA
1989,1,20,5,2030,2035,2116,2109,UA,184,NA,46,34,NA,7,-5,LIH,HNL,102,NA,NA,0,NA,0,NA,NA,NA,NA,NA
1989,1,21,6,2035,2035,2108,2109,UA,184,NA,33,34,NA,-1,0,LIH,HNL,102,NA,NA,0,NA,0,NA,NA,NA,NA,NA
1989,1,22,7,2026,2035,2103,2109,UA,184,NA,37,34,NA,-6,-9,LIH,HNL,102,NA,NA,0,NA,0,NA,NA,NA,NA,NA
1989,1,23,1,2025,2035,2100,2109,UA,184,NA,35,34,NA,-9,-10,LIH,HNL,102,NA,NA,0,NA,0,NA,NA,NA,NA,NA
1989,1,24,2,2031,2035,2106,2109,UA,184,NA,35,34,NA,-3,-4,LIH,HNL,102,NA,NA,0,NA,0,NA,NA,NA,NA,NA
1989,1,25,3,2031,2035,2106,2109,UA,184,NA,35,34,NA,-3,-4,LIH,HNL,102,NA,NA,0,NA,0,NA,NA,NA,NA,NA
1989,1,26,4,2031,2035,2104,2109,UA,184,NA,33,34,NA,-5,-4,LIH,HNL,102,NA,NA,0,NA,0,NA,NA,NA,NA,NA
1989,1,27,5,2031,2035,2113,2109,UA,184,NA,42,34,NA,4,-4,LIH,HNL,102,NA,NA,0,NA,0,NA,NA,NA,NA,NA
1989,1,28,6,2033,2035,2123,2109,UA,184,NA,50,34,NA,14,-2,LIH,HNL,102,NA,NA,0,NA,0,NA,NA,NA,NA,NA
1989,1,29,7,2026,2035,2101,2109,UA,184,NA,35,34,NA,-8,-9,LIH,HNL,102,NA,NA,0,NA,0,NA,NA,NA,NA,NA
1989,1,30,1,2028,2035,2106,2109,UA,184,NA,38,34,NA,-3,-7,LIH,HNL,102,NA,NA,0,NA,0,NA,NA,NA,NA,NA
1989,1,31,2,2033,2035,2110,2109,UA,184,NA,37,34,NA,1,-2,LIH,HNL,102,NA,NA,0,NA,0,NA,NA,NA,NA,NA
1989,1,1,7,626,625,1002,951,UA,184,NA,156,146,NA,11,1,SFO,DEN,967,NA,NA,0,NA,0,NA,NA,NA,NA,NA
1989,1,2,1,624,625,943,951,UA,184,NA,139,146,NA,-8,-1,SFO,DEN,967,NA,NA,0,NA,0,NA,NA,NA,NA,NA
1989,1,3,2,704,625,1028,951,UA,184,NA,144,146,NA,37,39,SFO,DEN,967,NA,NA,0,NA,0,NA,NA,NA,NA,NA
1989,1,4,3,635,625,944,951,UA,184,NA,129,146,NA,-7,10,SFO,DEN,967,NA,NA,0,NA,0,NA,NA,NA,NA,NA
1989,1,5,4,707,625,1023,951,UA,184,NA,136,146,NA,32,42,SFO,DEN,967,NA,NA,0,NA,0,NA,NA,NA,NA,NA
1989,1,6,5,632,625,1000,951,UA,184,NA,148,146,NA,9,7,SFO,DEN,967,NA,NA,0,NA,0,NA,NA,NA,NA,NA
1989,1,7,6,632,625,948,951,UA,184,NA,136,146,NA,-3,7,SFO,DEN,967,NA,NA,0,NA,0,NA,NA,NA,NA,NA
1989,1,8,7,700,625,1011,951,UA,184,NA,131,146,NA,20,35,SFO,DEN,967,NA,NA,0,NA,0,NA,NA,NA,NA,NA
1989,1,9,1,632,625,945,951,UA,184,NA,133,146,NA,-6,7,SFO,DEN,967,NA,NA,0,NA,0,NA,NA,NA,NA,NA
1989,1,10,2,624,625,931,951,UA,184,NA,127,146,NA,-20,-1,SFO,DEN,967,NA,NA,0,NA,0,NA,NA,NA,NA,NA
1989,1,11,3,626,625,1020,951,UA,184,NA,174,146,NA,29,1,SFO,DEN,967,NA,NA,0,NA,0,NA,NA,NA,NA,NA
1989,1,12,4,624,625,947,951,UA,184,NA,143,146,NA,-4,-1,SFO,DEN,967,NA,NA,0,NA,0,NA,NA,NA,NA,NA
1989,1,13,5,624,625,944,951,UA,184,NA,140,146,NA,-7,-1,SFO,DEN,967,NA,NA,0,NA,0,NA,NA,NA,NA,NA
1989,1,14,6,628,625,941,951,UA,184,NA,133,146,NA,-10,3,SFO,DEN,967,NA,NA,0,NA,0,NA,NA,NA,NA,NA
1989,1,15,7,624,625,926,951,UA,184,NA,122,146,NA,-25,-1,SFO,DEN,967,NA,NA,0,NA,0,NA,NA,NA,NA,NA
1989,1,16,1,629,625,950,951,UA,184,NA,141,146,NA,-1,4,SFO,DEN,967,NA,NA,0,NA,0,NA,NA,NA,NA,NA
1989,1,17,2,628,625,946,951,UA,184,NA,138,146,NA,-5,3,SFO,DEN,967,NA,NA,0,NA,0,NA,NA,NA,NA,NA
1989,1,18,3,634,625,948,951,UA,184,NA,134,146,NA,-3,9,SFO,DEN,967,NA,NA,0,NA,0,NA,NA,NA,NA,NA
1989,1,19,4,626,625,954,951,UA,184,NA,148,146,NA,3,1,SFO,DEN,967,NA,NA,0,NA,0,NA,NA,NA,NA,NA
1989,1,20,5,624,625,946,951,UA,184,NA,142,146,NA,-5,-1,SFO,DEN,967,NA,NA,0,NA,0,NA,NA,NA,NA,NA
1989,1,21,6,632,625,957,951,UA,184,NA,145,146,NA,6,7,SFO,DEN,967,NA,NA,0,NA,0,NA,NA,NA,NA,NA
1989,1,22,7,812,625,1145,951,UA,184,NA,153,146,NA,114,107,SFO,DEN,967,NA,NA,0,NA,0,NA,NA,NA,NA,NA
1989,1,23,1,623,625,935,951,UA,184,NA,132,146,NA,-16,-2,SFO,DEN,967,NA,NA,0,NA,0,NA,NA,NA,NA,NA
1989,1,24,2,638,625,1002,951,UA,184,NA,144,146,NA,11,13,SFO,DEN,967,NA,NA,0,NA,0,NA,NA,NA,NA,NA
1989,1,25,3,704,625,1046,951,UA,184,NA,162,146,NA,55,39,SFO,DEN,967,NA,NA,0,NA,0,NA,NA,NA,NA,NA
1989,1,26,4,625,625,958,951,UA,184,NA,153,146,NA,7,0,SFO,DEN,967,NA,NA,0,NA,0,NA,NA,NA,NA,NA
1989,1,27,5,649,625,1013,951,UA,184,NA,144,146,NA,22,24,SFO,DEN,967,NA,NA,0,NA,0,NA,NA,NA,NA,NA
1989,1,28,6,913,625,1325,951,UA,184,NA,192,146,NA,214,168,SFO,DEN,967,NA,NA,0,NA,0,NA,NA,NA,NA,NA
1989,1,29,7,624,625,1001,951,UA,184,NA,157,146,NA,10,-1,SFO,DEN,967,NA,NA,0,NA,0,NA,NA,NA,NA,NA
1989,1,30,1,625,625,1001,951,UA,184,NA,156,146,NA,10,0,SFO,DEN,967,NA,NA,0,NA,0,NA,NA,NA,NA,NA
1989,1,31,2,627,625,1003,951,UA,184,NA,156,146,NA,12,2,SFO,DEN,967,NA,NA,0,NA,0,NA,NA,NA,NA,NA
1989,1,1,7,1739,1740,1823,1820,UA,185,NA,44,40,NA,3,-1,HNL,LIH,102,NA,NA,0,NA,0,NA,NA,NA,NA,NA
1989,1,2,1,1737,1740,1825,1820,UA,185,NA,48,40,NA,5,-3,HNL,LIH,102,NA,NA,0,NA,0,NA,NA,NA,NA,NA
1989,1,3,2,1751,1740,1836,1820,UA,185,NA,45,40,NA,16,11,HNL,LIH,102,NA,NA,0,NA,0,NA,NA,NA,NA,NA
1989,1,4,3,1753,1740,1837,1820,UA,185,NA,44,40,NA,17,13,HNL,LIH,102,NA,NA,0,NA,0,NA,NA,NA,NA,NA
1989,1,5,4,1735,1740,1820,1820,UA,185,NA,45,40,NA,0,-5,HNL,LIH,102,NA,NA,0,NA,0,NA,NA,NA,NA,NA
1989,1,6,5,1926,1740,2008,1820,UA,185,NA,42,40,NA,108,106,HNL,LIH,102,NA,NA,0,NA,0,NA,NA,NA,NA,NA
1989,1,7,6,1739,1740,1819,1820,UA,185,NA,40,40,NA,-1,-1,HNL,LIH,102,NA,NA,0,NA,0,NA,NA,NA,NA,NA
1989,1,8,7,1736,1740,1817,1820,UA,185,NA,41,40,NA,-3,-4,HNL,LIH,102,NA,NA,0,NA,0,NA,NA,NA,NA,NA
1989,1,9,1,1741,1740,1826,1820,UA,185,NA,45,40,NA,6,1,HNL,LIH,102,NA,NA,0,NA,0,NA,NA,NA,NA,NA
1989,1,10,2,1740,1740,1821,1820,UA,185,NA,41,40,NA,1,0,HNL,LIH,102,NA,NA,0,NA,0,NA,NA,NA,NA,NA
1989,1,11,3,1740,1740,1821,1820,UA,185,NA,41,40,NA,1,0,HNL,LIH,102,NA,NA,0,NA,0,NA,NA,NA,NA,NA
1989,1,12,4,1744,1740,1831,1820,UA,185,NA,47,40,NA,11,4,HNL,LIH,102,NA,NA,0,NA,0,NA,NA,NA,NA,NA
1989,1,14,6,1740,1740,1822,1820,UA,185,NA,42,40,NA,2,0,HNL,LIH,102,NA,NA,0,NA,0,NA,NA,NA,NA,NA
1989,1,15,7,1735,1740,1822,1820,UA,185,NA,47,40,NA,2,-5,HNL,LIH,102,NA,NA,0,NA,0,NA,NA,NA,NA,NA
1989,1,16,1,1738,1740,1818,1820,UA,185,NA,40,40,NA,-2,-2,HNL,LIH,102,NA,NA,0,NA,0,NA,NA,NA,NA,NA
1989,1,17,2,1756,1740,1835,1820,UA,185,NA,39,40,NA,15,16,HNL,LIH,102,NA,NA,0,NA,0,NA,NA,NA,NA,NA
1989,1,18,3,1736,1740,1818,1820,UA,185,NA,42,40,NA,-2,-4,HNL,LIH,102,NA,NA,0,NA,0,NA,NA,NA,NA,NA
1989,1,19,4,1736,1740,1817,1820,UA,185,NA,41,40,NA,-3,-4,HNL,LIH,102,NA,NA,0,NA,0,NA,NA,NA,NA,NA
1989,1,20,5,1737,1740,1824,1820,UA,185,NA,47,40,NA,4,-3,HNL,LIH,102,NA,NA,0,NA,0,NA,NA,NA,NA,NA
1989,1,21,6,1801,1740,1847,1820,UA,185,NA,46,40,NA,27,21,HNL,LIH,102,NA,NA,0,NA,0,NA,NA,NA,NA,NA
1989,1,22,7,1802,1740,1843,1820,UA,185,NA,41,40,NA,23,22,HNL,LIH,102,NA,NA,0,NA,0,NA,NA,NA,NA,NA
1989,1,23,1,1808,1740,1858,1820,UA,185,NA,50,40,NA,38,28,HNL,LIH,102,NA,NA,0,NA,0,NA,NA,NA,NA,NA
1989,1,24,2,1739,1740,1831,1820,UA,185,NA,52,40,NA,11,-1,HNL,LIH,102,NA,NA,0,NA,0,NA,NA,NA,NA,NA
1989,1,25,3,1737,1740,1825,1820,UA,185,NA,48,40,NA,5,-3,HNL,LIH,102,NA,NA,0,NA,0,NA,NA,NA,NA,NA
1989,1,26,4,1737,1740,1813,1820,UA,185,NA,36,40,NA,-7,-3,HNL,LIH,102,NA,NA,0,NA,0,NA,NA,NA,NA,NA
1989,1,27,5,1738,1740,1824,1820,UA,185,NA,46,40,NA,4,-2,HNL,LIH,102,NA,NA,0,NA,0,NA,NA,NA,NA,NA
1989,1,28,6,1747,1740,1831,1820,UA,185,NA,44,40,NA,11,7,HNL,LIH,102,NA,NA,0,NA,0,NA,NA,NA,NA,NA
1989,1,29,7,1738,1740,1818,1820,UA,185,NA,40,40,NA,-2,-2,HNL,LIH,102,NA,NA,0,NA,0,NA,NA,NA,NA,NA
1989,1,30,1,1740,1740,1825,1820,UA,185,NA,45,40,NA,5,0,HNL,LIH,102,NA,NA,0,NA,0,NA,NA,NA,NA,NA
1989,1,31,2,1746,1740,1842,1820,UA,185,NA,56,40,NA,22,6,HNL,LIH,102,NA,NA,0,NA,0,NA,NA,NA,NA,NA
1989,1,1,7,828,830,1109,1131,UA,185,NA,341,361,NA,-22,-2,PHL,SFO,2521,NA,NA,0,NA,0,NA,NA,NA,NA,NA
1989,1,2,1,828,830,1147,1131,UA,185,NA,379,361,NA,16,-2,PHL,SFO,2521,NA,NA,0,NA,0,NA,NA,NA,NA,NA
1989,1,3,2,856,830,1141,1131,UA,185,NA,345,361,NA,10,26,PHL,SFO,2521,NA,NA,0,NA,0,NA,NA,NA,NA,NA
1989,1,4,3,837,830,1140,1131,UA,185,NA,363,361,NA,9,7,PHL,SFO,2521,NA,NA,0,NA,0,NA,NA,NA,NA,NA
1989,1,6,5,843,830,1145,1131,UA,185,NA,362,361,NA,14,13,PHL,SFO,2521,NA,NA,0,NA,0,NA,NA,NA,NA,NA
1989,1,7,6,953,830,1315,1131,UA,185,NA,382,361,NA,104,83,PHL,SFO,2521,NA,NA,0,NA,0,NA,NA,NA,NA,NA
1989,1,8,7,832,830,1148,1131,UA,185,NA,376,361,NA,17,2,PHL,SFO,2521,NA,NA,0,NA,0,NA,NA,NA,NA,NA
1989,1,9,1,832,830,1157,1131,UA,185,NA,385,361,NA,26,2,PHL,SFO,2521,NA,NA,0,NA,0,NA,NA,NA,NA,NA
1989,1,10,2,848,830,1213,1131,UA,185,NA,385,361,NA,42,18,PHL,SFO,2521,NA,NA,0,NA,0,NA,NA,NA,NA,NA
1989,1,11,3,828,830,1121,1131,UA,185,NA,353,361,NA,-10,-2,PHL,SFO,2521,NA,NA,0,NA,0,NA,NA,NA,NA,NA
1989,1,12,4,830,830,1127,1131,UA,185,NA,357,361,NA,-4,0,PHL,SFO,2521,NA,NA,0,NA,0,NA,NA,NA,NA,NA
1989,1,13,5,841,830,1126,1131,UA,185,NA,345,361,NA,-5,11,PHL,SFO,2521,NA,NA,0,NA,0,NA,NA,NA,NA,NA
1989,1,14,6,914,830,1216,1131,UA,185,NA,362,361,NA,45,44,PHL,SFO,2521,NA,NA,0,NA,0,NA,NA,NA,NA,NA
1989,1,15,7,828,830,1127,1131,UA,185,NA,359,361,NA,-4,-2,PHL,SFO,2521,NA,NA,0,NA,0,NA,NA,NA,NA,NA
1989,1,16,1,828,830,1112,1131,UA,185,NA,344,361,NA,-19,-2,PHL,SFO,2521,NA,NA,0,NA,0,NA,NA,NA,NA,NA
1989,1,17,2,845,830,1133,1131,UA,185,NA,348,361,NA,2,15,PHL,SFO,2521,NA,NA,0,NA,0,NA,NA,NA,NA,NA
1989,1,19,4,830,830,1128,1131,UA,185,NA,358,361,NA,-3,0,PHL,SFO,2521,NA,NA,0,NA,0,NA,NA,NA,NA,NA
1989,1,20,5,828,830,1100,1131,UA,185,NA,332,361,NA,-31,-2,PHL,SFO,2521,NA,NA,0,NA,0,NA,NA,NA,NA,NA
1989,1,21,6,837,830,1111,1131,UA,185,NA,334,361,NA,-20,7,PHL,SFO,2521,NA,NA,0,NA,0,NA,NA,NA,NA,NA
1989,1,22,7,830,830,1102,1131,UA,185,NA,332,361,NA,-29,0,PHL,SFO,2521,NA,NA,0,NA,0,NA,NA,NA,NA,NA
1989,1,23,1,853,830,1133,1131,UA,185,NA,340,361,NA,2,23,PHL,SFO,2521,NA,NA,0,NA,0,NA,NA,NA,NA,NA
1989,1,24,2,829,830,1103,1131,UA,185,NA,334,361,NA,-28,-1,PHL,SFO,2521,NA,NA,0,NA,0,NA,NA,NA,NA,NA
1989,1,25,3,836,830,1128,1131,UA,185,NA,352,361,NA,-3,6,PHL,SFO,2521,NA,NA,0,NA,0,NA,NA,NA,NA,NA
1989,1,26,4,844,830,1140,1131,UA,185,NA,356,361,NA,9,14,PHL,SFO,2521,NA,NA,0,NA,0,NA,NA,NA,NA,NA
1989,1,27,5,901,830,1142,1131,UA,185,NA,341,361,NA,11,31,PHL,SFO,2521,NA,NA,0,NA,0,NA,NA,NA,NA,NA
1989,1,28,6,830,830,1111,1131,UA,185,NA,341,361,NA,-20,0,PHL,SFO,2521,NA,NA,0,NA,0,NA,NA,NA,NA,NA
1989,1,29,7,838,830,1057,1131,UA,185,NA,319,361,NA,-34,8,PHL,SFO,2521,NA,NA,0,NA,0,NA,NA,NA,NA,NA
1989,1,30,1,1029,830,1257,1131,UA,185,NA,328,361,NA,86,119,PHL,SFO,2521,NA,NA,0,NA,0,NA,NA,NA,NA,NA
1989,1,31,2,922,830,1208,1131,UA,185,NA,346,361,NA,37,52,PHL,SFO,2521,NA,NA,0,NA,0,NA,NA,NA,NA,NA
1989,1,1,7,1327,1325,1614,1647,UA,185,NA,287,322,NA,-33,2,SFO,HNL,2398,NA,NA,0,NA,0,NA,NA,NA,NA,NA
1989,1,2,1,1330,1325,1635,1647,UA,185,NA,305,322,NA,-12,5,SFO,HNL,2398,NA,NA,0,NA,0,NA,NA,NA,NA,NA
1989,1,3,2,1400,1325,1710,1647,UA,185,NA,310,322,NA,23,35,SFO,HNL,2398,NA,NA,0,NA,0,NA,NA,NA,NA,NA
1989,1,4,3,1400,1325,1713,1647,UA,185,NA,313,322,NA,26,35,SFO,HNL,2398,NA,NA,0,NA,0,NA,NA,NA,NA,NA
1989,1,5,4,1354,1325,1649,1647,UA,185,NA,295,322,NA,2,29,SFO,HNL,2398,NA,NA,0,NA,0,NA,NA,NA,NA,NA
1989,1,6,5,1540,1325,1850,1647,UA,185,NA,310,322,NA,123,135,SFO,HNL,2398,NA,NA,0,NA,0,NA,NA,NA,NA,NA
1989,1,7,6,1414,1325,1650,1647,UA,185,NA,276,322,NA,3,49,SFO,HNL,2398,NA,NA,0,NA,0,NA,NA,NA,NA,NA
1989,1,8,7,1348,1325,1629,1647,UA,185,NA,281,322,NA,-18,23,SFO,HNL,2398,NA,NA,0,NA,0,NA,NA,NA,NA,NA
1989,1,9,1,1326,1325,1627,1647,UA,185,NA,301,322,NA,-20,1,SFO,HNL,2398,NA,NA,0,NA,0,NA,NA,NA,NA,NA
1989,1,10,2,1351,1325,1704,1647,UA,185,NA,313,322,NA,17,26,SFO,HNL,2398,NA,NA,0,NA,0,NA,NA,NA,NA,NA
1989,1,11,3,1327,1325,1630,1647,UA,185,NA,303,322,NA,-17,2,SFO,HNL,2398,NA,NA,0,NA,0,NA,NA,NA,NA,NA
1989,1,12,4,1356,1325,1706,1647,UA,185,NA,310,322,NA,19,31,SFO,HNL,2398,NA,NA,0,NA,0,NA,NA,NA,NA,NA
1989,1,14,6,1354,1325,1649,1647,UA,185,NA,295,322,NA,2,29,SFO,HNL,2398,NA,NA,0,NA,0,NA,NA,NA,NA,NA
1989,1,15,7,1341,1325,1628,1647,UA,185,NA,287,322,NA,-19,16,SFO,HNL,2398,NA,NA,0,NA,0,NA,NA,NA,NA,NA
1989,1,16,1,1326,1325,1628,1647,UA,185,NA,302,322,NA,-19,1,SFO,HNL,2398,NA,NA,0,NA,0,NA,NA,NA,NA,NA
1989,1,17,2,1412,1325,1711,1647,UA,185,NA,299,322,NA,24,47,SFO,HNL,2398,NA,NA,0,NA,0,NA,NA,NA,NA,NA
1989,1,18,3,1325,1325,1629,1647,UA,185,NA,304,322,NA,-18,0,SFO,HNL,2398,NA,NA,0,NA,0,NA,NA,NA,NA,NA
1989,1,19,4,1325,1325,1626,1647,UA,185,NA,301,322,NA,-21,0,SFO,HNL,2398,NA,NA,0,NA,0,NA,NA,NA,NA,NA
1989,1,20,5,1327,1325,1639,1647,UA,185,NA,312,322,NA,-8,2,SFO,HNL,2398,NA,NA,0,NA,0,NA,NA,NA,NA,NA
1989,1,21,6,1359,1325,1720,1647,UA,185,NA,321,322,NA,33,34,SFO,HNL,2398,NA,NA,0,NA,0,NA,NA,NA,NA,NA
1989,1,22,7,1349,1325,1723,1647,UA,185,NA,334,322,NA,36,24,SFO,HNL,2398,NA,NA,0,NA,0,NA,NA,NA,NA,NA
1989,1,23,1,1326,1325,1702,1647,UA,185,NA,336,322,NA,15,1,SFO,HNL,2398,NA,NA,0,NA,0,NA,NA,NA,NA,NA
1989,1,24,2,1328,1325,1643,1647,UA,185,NA,315,322,NA,-4,3,SFO,HNL,2398,NA,NA,0,NA,0,NA,NA,NA,NA,NA
1989,1,25,3,1327,1325,1624,1647,UA,185,NA,297,322,NA,-23,2,SFO,HNL,2398,NA,NA,0,NA,0,NA,NA,NA,NA,NA
1989,1,26,4,1326,1325,1625,1647,UA,185,NA,299,322,NA,-22,1,SFO,HNL,2398,NA,NA,0,NA,0,NA,NA,NA,NA,NA
1989,1,27,5,1404,1325,1642,1647,UA,185,NA,278,322,NA,-5,39,SFO,HNL,2398,NA,NA,0,NA,0,NA,NA,NA,NA,NA
1989,1,29,7,1348,1325,1652,1647,UA,185,NA,304,322,NA,5,23,SFO,HNL,2398,NA,NA,0,NA,0,NA,NA,NA,NA,NA
1989,1,30,1,1342,1325,1659,1647,UA,185,NA,317,322,NA,12,17,SFO,HNL,2398,NA,NA,0,NA,0,NA,NA,NA,NA,NA
1989,1,31,2,1326,1325,1626,1647,UA,185,NA,300,322,NA,-21,1,SFO,HNL,2398,NA,NA,0,NA,0,NA,NA,NA,NA,NA
1989,1,1,7,1317,1320,2027,2009,UA,186,NA,310,289,NA,18,-3,HNL,SFO,2398,NA,NA,0,NA,0,NA,NA,NA,NA,NA
1989,1,2,1,1321,1320,2028,2009,UA,186,NA,307,289,NA,19,1,HNL,SFO,2398,NA,NA,0,NA,0,NA,NA,NA,NA,NA
1989,1,3,2,1335,1320,2032,2017,UA,186,NA,297,297,NA,15,15,HNL,SFO,2398,NA,NA,0,NA,0,NA,NA,NA,NA,NA
1989,1,4,3,1329,1330,2008,2019,UA,186,NA,279,289,NA,-11,-1,HNL,SFO,2398,NA,NA,0,NA,0,NA,NA,NA,NA,NA
1989,1,5,4,1338,1330,2043,2019,UA,186,NA,305,289,NA,24,8,HNL,SFO,2398,NA,NA,0,NA,0,NA,NA,NA,NA,NA
1989,1,6,5,1328,1330,2025,2019,UA,186,NA,297,289,NA,6,-2,HNL,SFO,2398,NA,NA,0,NA,0,NA,NA,NA,NA,NA
1989,1,7,6,1331,1330,2059,2019,UA,186,NA,328,289,NA,40,1,HNL,SFO,2398,NA,NA,0,NA,0,NA,NA,NA,NA,NA
1989,1,8,7,1330,1330,2100,2019,UA,186,NA,330,289,NA,41,0,HNL,SFO,2398,NA,NA,0,NA,0,NA,NA,NA,NA,NA
1989,1,9,1,1330,1330,2041,2019,UA,186,NA,311,289,NA,22,0,HNL,SFO,2398,NA,NA,0,NA,0,NA,NA,NA,NA,NA
1989,1,11,3,1336,1330,2033,2019,UA,186,NA,297,289,NA,14,6,HNL,SFO,2398,NA,NA,0,NA,0,NA,NA,NA,NA,NA
1989,1,12,4,1352,1330,2039,2019,UA,186,NA,287,289,NA,20,22,HNL,SFO,2398,NA,NA,0,NA,0,NA,NA,NA,NA,NA
1989,1,13,5,1330,1330,2022,2019,UA,186,NA,292,289,NA,3,0,HNL,SFO,2398,NA,NA,0,NA,0,NA,NA,NA,NA,NA
1989,1,14,6,1330,1330,2030,2019,UA,186,NA,300,289,NA,11,0,HNL,SFO,2398,NA,NA,0,NA,0,NA,NA,NA,NA,NA
1989,1,15,7,1327,1330,2042,2019,UA,186,NA,315,289,NA,23,-3,HNL,SFO,2398,NA,NA,0,NA,0,NA,NA,NA,NA,NA
1989,1,16,1,1328,1330,2040,2019,UA,186,NA,312,289,NA,21,-2,HNL,SFO,2398,NA,NA,0,NA,0,NA,NA,NA,NA,NA
1989,1,17,2,1329,1330,2022,2019,UA,186,NA,293,289,NA,3,-1,HNL,SFO,2398,NA,NA,0,NA,0,NA,NA,NA,NA,NA
1989,1,19,4,1327,1330,2024,2019,UA,186,NA,297,289,NA,5,-3,HNL,SFO,2398,NA,NA,0,NA,0,NA,NA,NA,NA,NA
1989,1,20,5,1328,1330,2016,2019,UA,186,NA,288,289,NA,-3,-2,HNL,SFO,2398,NA,NA,0,NA,0,NA,NA,NA,NA,NA
1989,1,21,6,1351,1330,2027,2019,UA,186,NA,276,289,NA,8,21,HNL,SFO,2398,NA,NA,0,NA,0,NA,NA,NA,NA,NA
1989,1,22,7,1331,1330,2015,2019,UA,186,NA,284,289,NA,-4,1,HNL,SFO,2398,NA,NA,0,NA,0,NA,NA,NA,NA,NA
1989,1,23,1,1329,1330,2018,2019,UA,186,NA,289,289,NA,-1,-1,HNL,SFO,2398,NA,NA,0,NA,0,NA,NA,NA,NA,NA
1989,1,24,2,1328,1330,2037,2019,UA,186,NA,309,289,NA,18,-2,HNL,SFO,2398,NA,NA,0,NA,0,NA,NA,NA,NA,NA
1989,1,25,3,1329,1330,2032,2019,UA,186,NA,303,289,NA,13,-1,HNL,SFO,2398,NA,NA,0,NA,0,NA,NA,NA,NA,NA
1989,1,26,4,1328,1330,2038,2019,UA,186,NA,310,289,NA,19,-2,HNL,SFO,2398,NA,NA,0,NA,0,NA,NA,NA,NA,NA
1989,1,27,5,1329,1330,2041,2019,UA,186,NA,312,289,NA,22,-1,HNL,SFO,2398,NA,NA,0,NA,0,NA,NA,NA,NA,NA
1989,1,28,6,1328,1330,2033,2019,UA,186,NA,305,289,NA,14,-2,HNL,SFO,2398,NA,NA,0,NA,0,NA,NA,NA,NA,NA
1989,1,29,7,1330,1330,2036,2019,UA,186,NA,306,289,NA,17,0,HNL,SFO,2398,NA,NA,0,NA,0,NA,NA,NA,NA,NA
1989,1,30,1,1327,1330,2034,2019,UA,186,NA,307,289,NA,15,-3,HNL,SFO,2398,NA,NA,0,NA,0,NA,NA,NA,NA,NA
1989,1,31,2,1327,1330,2027,2019,UA,186,NA,300,289,NA,8,-3,HNL,SFO,2398,NA,NA,0,NA,0,NA,NA,NA,NA,NA
1989,1,1,7,1129,1120,1421,1439,UA,187,NA,292,319,NA,-18,9,SFO,HNL,2398,NA,NA,0,NA,0,NA,NA,NA,NA,NA
1989,1,2,1,1139,1120,1436,1439,UA,187,NA,297,319,NA,-3,19,SFO,HNL,2398,NA,NA,0,NA,0,NA,NA,NA,NA,NA
1989,1,3,2,1138,1120,1437,1439,UA,187,NA,299,319,NA,-2,18,SFO,HNL,2398,NA,NA,0,NA,0,NA,NA,NA,NA,NA
1989,1,4,3,1139,1120,1451,1439,UA,187,NA,312,319,NA,12,19,SFO,HNL,2398,NA,NA,0,NA,0,NA,NA,NA,NA,NA
1989,1,5,4,1152,1120,1444,1439,UA,187,NA,292,319,NA,5,32,SFO,HNL,2398,NA,NA,0,NA,0,NA,NA,NA,NA,NA
1989,1,6,5,1129,1120,1431,1439,UA,187,NA,302,319,NA,-8,9,SFO,HNL,2398,NA,NA,0,NA,0,NA,NA,NA,NA,NA
1989,1,7,6,1120,1120,1354,1439,UA,187,NA,274,319,NA,-45,0,SFO,HNL,2398,NA,NA,0,NA,0,NA,NA,NA,NA,NA
1989,1,8,7,1135,1120,1409,1439,UA,187,NA,274,319,NA,-30,15,SFO,HNL,2398,NA,NA,0,NA,0,NA,NA,NA,NA,NA
1989,1,9,1,1140,1120,1436,1439,UA,187,NA,296,319,NA,-3,20,SFO,HNL,2398,NA,NA,0,NA,0,NA,NA,NA,NA,NA
1989,1,10,2,1135,1120,1457,1439,UA,187,NA,322,319,NA,18,15,SFO,HNL,2398,NA,NA,0,NA,0,NA,NA,NA,NA,NA
1989,1,11,3,1122,1120,1428,1439,UA,187,NA,306,319,NA,-11,2,SFO,HNL,2398,NA,NA,0,NA,0,NA,NA,NA,NA,NA
1989,1,12,4,1133,1120,1449,1439,UA,187,NA,316,319,NA,10,13,SFO,HNL,2398,NA,NA,0,NA,0,NA,NA,NA,NA,NA
1989,1,13,5,1133,1120,1459,1439,UA,187,NA,326,319,NA,20,13,SFO,HNL,2398,NA,NA,0,NA,0,NA,NA,NA,NA,NA
1989,1,14,6,1128,1120,1428,1439,UA,187,NA,300,319,NA,-11,8,SFO,HNL,2398,NA,NA,0,NA,0,NA,NA,NA,NA,NA
1989,1,15,7,1122,1120,1421,1439,UA,187,NA,299,319,NA,-18,2,SFO,HNL,2398,NA,NA,0,NA,0,NA,NA,NA,NA,NA
1989,1,16,1,1119,1120,1400,1439,UA,187,NA,281,319,NA,-39,-1,SFO,HNL,2398,NA,NA,0,NA,0,NA,NA,NA,NA,NA
1989,1,17,2,1120,1120,1423,1439,UA,187,NA,303,319,NA,-16,0,SFO,HNL,2398,NA,NA,0,NA,0,NA,NA,NA,NA,NA
1989,1,18,3,1119,1120,1428,1439,UA,187,NA,309,319,NA,-11,-1,SFO,HNL,2398,NA,NA,0,NA,0,NA,NA,NA,NA,NA
1989,1,19,4,1120,1120,1420,1439,UA,187,NA,300,319,NA,-19,0,SFO,HNL,2398,NA,NA,0,NA,0,NA,NA,NA,NA,NA
1989,1,20,5,1125,1120,1425,1439,UA,187,NA,300,319,NA,-14,5,SFO,HNL,2398,NA,NA,0,NA,0,NA,NA,NA,NA,NA
1989,1,21,6,1124,1120,1447,1439,UA,187,NA,323,319,NA,8,4,SFO,HNL,2398,NA,NA,0,NA,0,NA,NA,NA,NA,NA
1989,1,22,7,1230,1120,1559,1439,UA,187,NA,329,319,NA,80,70,SFO,HNL,2398,NA,NA,0,NA,0,NA,NA,NA,NA,NA
1989,1,23,1,1125,1120,1443,1439,UA,187,NA,318,319,NA,4,5,SFO,HNL,2398,NA,NA,0,NA,0,NA,NA,NA,NA,NA
1989,1,24,2,1126,1120,1435,1439,UA,187,NA,309,319,NA,-4,6,SFO,HNL,2398,NA,NA,0,NA,0,NA,NA,NA,NA,NA
1989,1,25,3,1123,1120,1432,1439,UA,187,NA,309,319,NA,-7,3,SFO,HNL,2398,NA,NA,0,NA,0,NA,NA,NA,NA,NA
1989,1,26,4,1121,1120,1408,1439,UA,187,NA,287,319,NA,-31,1,SFO,HNL,2398,NA,NA,0,NA,0,NA,NA,NA,NA,NA
1989,1,27,5,1130,1120,1411,1439,UA,187,NA,281,319,NA,-28,10,SFO,HNL,2398,NA,NA,0,NA,0,NA,NA,NA,NA,NA
1989,1,28,6,1210,1120,1503,1439,UA,187,NA,293,319,NA,24,50,SFO,HNL,2398,NA,NA,0,NA,0,NA,NA,NA,NA,NA
1989,1,29,7,1204,1120,1507,1439,UA,187,NA,303,319,NA,28,44,SFO,HNL,2398,NA,NA,0,NA,0,NA,NA,NA,NA,NA
1989,1,30,1,1120,1120,1430,1439,UA,187,NA,310,319,NA,-9,0,SFO,HNL,2398,NA,NA,0,NA,0,NA,NA,NA,NA,NA
1989,1,31,2,1202,1120,1510,1439,UA,187,NA,308,319,NA,31,42,SFO,HNL,2398,NA,NA,0,NA,0,NA,NA,NA,NA,NA
1989,1,1,7,1321,1325,2031,2005,UA,188,NA,310,280,NA,26,-4,OGG,SFO,2338,NA,NA,0,NA,0,NA,NA,NA,NA,NA
1989,1,2,1,1325,1325,2023,2005,UA,188,NA,298,280,NA,18,0,OGG,SFO,2338,NA,NA,0,NA,0,NA,NA,NA,NA,NA
1989,1,3,2,1322,1325,2009,2005,UA,188,NA,287,280,NA,4,-3,OGG,SFO,2338,NA,NA,0,NA,0,NA,NA,NA,NA,NA
1989,1,4,3,1338,1325,2001,2005,UA,188,NA,263,280,NA,-4,13,OGG,SFO,2338,NA,NA,0,NA,0,NA,NA,NA,NA,NA
1989,1,5,4,1330,1325,2031,2005,UA,188,NA,301,280,NA,26,5,OGG,SFO,2338,NA,NA,0,NA,0,NA,NA,NA,NA,NA
1989,1,6,5,1323,1325,2008,2005,UA,188,NA,285,280,NA,3,-2,OGG,SFO,2338,NA,NA,0,NA,0,NA,NA,NA,NA,NA
1989,1,7,6,1424,1325,2134,2005,UA,188,NA,310,280,NA,89,59,OGG,SFO,2338,NA,NA,0,NA,0,NA,NA,NA,NA,NA
1989,1,8,7,1334,1325,2053,2005,UA,188,NA,319,280,NA,48,9,OGG,SFO,2338,NA,NA,0,NA,0,NA,NA,NA,NA,NA
1989,1,9,1,1321,1325,2019,2005,UA,188,NA,298,280,NA,14,-4,OGG,SFO,2338,NA,NA,0,NA,0,NA,NA,NA,NA,NA
1989,1,10,2,1324,1325,2006,2005,UA,188,NA,282,280,NA,1,-1,OGG,SFO,2338,NA,NA,0,NA,0,NA,NA,NA,NA,NA
1989,1,11,3,1324,1325,2009,2005,UA,188,NA,285,280,NA,4,-1,OGG,SFO,2338,NA,NA,0,NA,0,NA,NA,NA,NA,NA
1989,1,12,4,1339,1325,2020,2005,UA,188,NA,281,280,NA,15,14,OGG,SFO,2338,NA,NA,0,NA,0,NA,NA,NA,NA,NA
1989,1,13,5,1322,1325,1947,2005,UA,188,NA,265,280,NA,-18,-3,OGG,SFO,2338,NA,NA,0,NA,0,NA,NA,NA,NA,NA
1989,1,14,6,1323,1325,2009,2005,UA,188,NA,286,280,NA,4,-2,OGG,SFO,2338,NA,NA,0,NA,0,NA,NA,NA,NA,NA
1989,1,16,1,1323,1325,2020,2005,UA,188,NA,297,280,NA,15,-2,OGG,SFO,2338,NA,NA,0,NA,0,NA,NA,NA,NA,NA
1989,1,17,2,1329,1325,2012,2005,UA,188,NA,283,280,NA,7,4,OGG,SFO,2338,NA,NA,0,NA,0,NA,NA,NA,NA,NA
1989,1,18,3,1319,1325,2008,2005,UA,188,NA,289,280,NA,3,-6,OGG,SFO,2338,NA,NA,0,NA,0,NA,NA,NA,NA,NA
1989,1,19,4,1508,1325,2152,2005,UA,188,NA,284,280,NA,107,103,OGG,SFO,2338,NA,NA,0,NA,0,NA,NA,NA,NA,NA
1989,1,20,5,1332,1325,2010,2005,UA,188,NA,278,280,NA,5,7,OGG,SFO,2338,NA,NA,0,NA,0,NA,NA,NA,NA,NA
1989,1,21,6,1326,1325,1950,2005,UA,188,NA,264,280,NA,-15,1,OGG,SFO,2338,NA,NA,0,NA,0,NA,NA,NA,NA,NA
1989,1,23,1,1322,1325,1959,2005,UA,188,NA,277,280,NA,-6,-3,OGG,SFO,2338,NA,NA,0,NA,0,NA,NA,NA,NA,NA
1989,1,24,2,1323,1325,2017,2005,UA,188,NA,294,280,NA,12,-2,OGG,SFO,2338,NA,NA,0,NA,0,NA,NA,NA,NA,NA
1989,1,25,3,1324,1325,2006,2005,UA,188,NA,282,280,NA,1,-1,OGG,SFO,2338,NA,NA,0,NA,0,NA,NA,NA,NA,NA
1989,1,26,4,1326,1325,2026,2005,UA,188,NA,300,280,NA,21,1,OGG,SFO,2338,NA,NA,0,NA,0,NA,NA,NA,NA,NA
1989,1,27,5,1322,1325,2032,2005,UA,188,NA,310,280,NA,27,-3,OGG,SFO,2338,NA,NA,0,NA,0,NA,NA,NA,NA,NA
1989,1,28,6,1323,1325,2021,2005,UA,188,NA,298,280,NA,16,-2,OGG,SFO,2338,NA,NA,0,NA,0,NA,NA,NA,NA,NA
1989,1,29,7,1320,1325,2014,2005,UA,188,NA,294,280,NA,9,-5,OGG,SFO,2338,NA,NA,0,NA,0,NA,NA,NA,NA,NA
1989,1,30,1,1319,1325,2011,2005,UA,188,NA,292,280,NA,6,-6,OGG,SFO,2338,NA,NA,0,NA,0,NA,NA,NA,NA,NA
1989,1,31,2,1333,1325,2031,1958,UA,188,NA,298,273,NA,33,8,OGG,SFO,2338,NA,NA,0,NA,0,NA,NA,NA,NA,NA
1989,1,4,3,2101,2100,2228,2214,UA,188,NA,87,74,NA,14,1,SFO,LAX,337,NA,NA,0,NA,0,NA,NA,NA,NA,NA
1989,1,5,4,2115,2100,2257,2214,UA,188,NA,102,74,NA,43,15,SFO,LAX,337,NA,NA,0,NA,0,NA,NA,NA,NA,NA
1989,1,6,5,2059,2100,2205,2214,UA,188,NA,66,74,NA,-9,-1,SFO,LAX,337,NA,NA,0,NA,0,NA,NA,NA,NA,NA
1989,1,7,6,2208,2100,2312,2214,UA,188,NA,64,74,NA,58,68,SFO,LAX,337,NA,NA,0,NA,0,NA,NA,NA,NA,NA
1989,1,8,7,2133,2100,2240,2214,UA,188,NA,67,74,NA,26,33,SFO,LAX,337,NA,NA,0,NA,0,NA,NA,NA,NA,NA
1989,1,9,1,2106,2100,2218,2214,UA,188,NA,72,74,NA,4,6,SFO,LAX,337,NA,NA,0,NA,0,NA,NA,NA,NA,NA
1989,1,10,2,2104,2100,2218,2214,UA,188,NA,74,74,NA,4,4,SFO,LAX,337,NA,NA,0,NA,0,NA,NA,NA,NA,NA
1989,1,11,3,2059,2100,2227,2214,UA,188,NA,88,74,NA,13,-1,SFO,LAX,337,NA,NA,0,NA,0,NA,NA,NA,NA,NA
1989,1,12,4,2100,2100,2216,2214,UA,188,NA,76,74,NA,2,0,SFO,LAX,337,NA,NA,0,NA,0,NA,NA,NA,NA,NA
1989,1,13,5,2110,2100,2225,2214,UA,188,NA,75,74,NA,11,10,SFO,LAX,337,NA,NA,0,NA,0,NA,NA,NA,NA,NA
1989,1,14,6,2158,2100,2300,2214,UA,188,NA,62,74,NA,46,58,SFO,LAX,337,NA,NA,0,NA,0,NA,NA,NA,NA,NA
1989,1,15,7,2106,2100,2223,2214,UA,188,NA,77,74,NA,9,6,SFO,LAX,337,NA,NA,0,NA,0,NA,NA,NA,NA,NA
1989,1,16,1,2102,2100,2217,2214,UA,188,NA,75,74,NA,3,2,SFO,LAX,337,NA,NA,0,NA,0,NA,NA,NA,NA,NA
1989,1,17,2,2058,2100,2218,2214,UA,188,NA,80,74,NA,4,-2,SFO,LAX,337,NA,NA,0,NA,0,NA,NA,NA,NA,NA
1989,1,18,3,2058,2100,2207,2214,UA,188,NA,69,74,NA,-7,-2,SFO,LAX,337,NA,NA,0,NA,0,NA,NA,NA,NA,NA
1989,1,19,4,2227,2100,2335,2214,UA,188,NA,68,74,NA,81,87,SFO,LAX,337,NA,NA,0,NA,0,NA,NA,NA,NA,NA
1989,1,20,5,2059,2100,2216,2214,UA,188,NA,77,74,NA,2,-1,SFO,LAX,337,NA,NA,0,NA,0,NA,NA,NA,NA,NA
1989,1,21,6,2059,2100,2207,2214,UA,188,NA,68,74,NA,-7,-1,SFO,LAX,337,NA,NA,0,NA,0,NA,NA,NA,NA,NA
1989,1,22,7,2115,2100,2234,2214,UA,188,NA,79,74,NA,20,15,SFO,LAX,337,NA,NA,0,NA,0,NA,NA,NA,NA,NA
1989,1,23,1,2144,2100,2304,2214,UA,188,NA,80,74,NA,50,44,SFO,LAX,337,NA,NA,0,NA,0,NA,NA,NA,NA,NA
1989,1,24,2,2105,2100,2221,2214,UA,188,NA,76,74,NA,7,5,SFO,LAX,337,NA,NA,0,NA,0,NA,NA,NA,NA,NA
1989,1,25,3,2059,2100,2218,2214,UA,188,NA,79,74,NA,4,-1,SFO,LAX,337,NA,NA,0,NA,0,NA,NA,NA,NA,NA
1989,1,26,4,2125,2100,2246,2214,UA,188,NA,81,74,NA,32,25,SFO,LAX,337,NA,NA,0,NA,0,NA,NA,NA,NA,NA
1989,1,27,5,2109,2100,2229,2214,UA,188,NA,80,74,NA,15,9,SFO,LAX,337,NA,NA,0,NA,0,NA,NA,NA,NA,NA
1989,1,28,6,2200,2100,2307,2214,UA,188,NA,67,74,NA,53,60,SFO,LAX,337,NA,NA,0,NA,0,NA,NA,NA,NA,NA
1989,1,29,7,2059,2100,2212,2214,UA,188,NA,73,74,NA,-2,-1,SFO,LAX,337,NA,NA,0,NA,0,NA,NA,NA,NA,NA
1989,1,30,1,2059,2100,2220,2214,UA,188,NA,81,74,NA,6,-1,SFO,LAX,337,NA,NA,0,NA,0,NA,NA,NA,NA,NA
1989,1,1,7,2113,2110,2307,2247,UA,188,NA,114,97,NA,20,3,SFO,PDX,550,NA,NA,0,NA,0,NA,NA,NA,NA,NA
1989,1,2,1,2220,2110,2356,2247,UA,188,NA,96,97,NA,69,70,SFO,PDX,550,NA,NA,0,NA,0,NA,NA,NA,NA,NA
1989,1,3,2,2110,2110,2254,2247,UA,188,NA,104,97,NA,7,0,SFO,PDX,550,NA,NA,0,NA,0,NA,NA,NA,NA,NA
1989,1,1,7,1419,1420,2201,2127,UA,190,NA,342,307,NA,34,-1,HNL,LAX,2556,NA,NA,0,NA,0,NA,NA,NA,NA,NA
1989,1,2,1,1421,1420,2208,2127,UA,190,NA,347,307,NA,41,1,HNL,LAX,2556,NA,NA,0,NA,0,NA,NA,NA,NA,NA
1989,1,3,2,1426,1420,2143,2127,UA,190,NA,317,307,NA,16,6,HNL,LAX,2556,NA,NA,0,NA,0,NA,NA,NA,NA,NA
1989,1,4,3,1345,1345,2058,2052,UA,190,NA,313,307,NA,6,0,HNL,LAX,2556,NA,NA,0,NA,0,NA,NA,NA,NA,NA
1989,1,5,4,1343,1345,2048,2052,UA,190,NA,305,307,NA,-4,-2,HNL,LAX,2556,NA,NA,0,NA,0,NA,NA,NA,NA,NA
1989,1,6,5,1351,1345,2116,2052,UA,190,NA,325,307,NA,24,6,HNL,LAX,2556,NA,NA,0,NA,0,NA,NA,NA,NA,NA
1989,1,7,6,1345,1345,2113,2052,UA,190,NA,328,307,NA,21,0,HNL,LAX,2556,NA,NA,0,NA,0,NA,NA,NA,NA,NA
1989,1,8,7,1344,1345,2132,2052,UA,190,NA,348,307,NA,40,-1,HNL,LAX,2556,NA,NA,0,NA,0,NA,NA,NA,NA,NA
1989,1,9,1,1344,1345,2123,2052,UA,190,NA,339,307,NA,31,-1,HNL,LAX,2556,NA,NA,0,NA,0,NA,NA,NA,NA,NA
1989,1,10,2,1343,1345,2100,2052,UA,190,NA,317,307,NA,8,-2,HNL,LAX,2556,NA,NA,0,NA,0,NA,NA,NA,NA,NA
1989,1,11,3,1343,1345,2102,2052,UA,190,NA,319,307,NA,10,-2,HNL,LAX,2556,NA,NA,0,NA,0,NA,NA,NA,NA,NA
1989,1,12,4,1345,1345,2045,2052,UA,190,NA,300,307,NA,-7,0,HNL,LAX,2556,NA,NA,0,NA,0,NA,NA,NA,NA,NA
1989,1,13,5,1345,1345,2036,2052,UA,190,NA,291,307,NA,-16,0,HNL,LAX,2556,NA,NA,0,NA,0,NA,NA,NA,NA,NA
1989,1,14,6,1343,1345,2046,2052,UA,190,NA,303,307,NA,-6,-2,HNL,LAX,2556,NA,NA,0,NA,0,NA,NA,NA,NA,NA
1989,1,15,7,1352,1345,2110,2052,UA,190,NA,318,307,NA,18,7,HNL,LAX,2556,NA,NA,0,NA,0,NA,NA,NA,NA,NA
1989,1,16,1,1343,1345,2104,2052,UA,190,NA,321,307,NA,12,-2,HNL,LAX,2556,NA,NA,0,NA,0,NA,NA,NA,NA,NA
1989,1,17,2,1345,1345,2057,2052,UA,190,NA,312,307,NA,5,0,HNL,LAX,2556,NA,NA,0,NA,0,NA,NA,NA,NA,NA
1989,1,18,3,1344,1345,2046,2052,UA,190,NA,302,307,NA,-6,-1,HNL,LAX,2556,NA,NA,0,NA,0,NA,NA,NA,NA,NA
1989,1,19,4,1343,1345,2056,2052,UA,190,NA,313,307,NA,4,-2,HNL,LAX,2556,NA,NA,0,NA,0,NA,NA,NA,NA,NA
1989,1,20,5,1342,1345,2054,2052,UA,190,NA,312,307,NA,2,-3,HNL,LAX,2556,NA,NA,0,NA,0,NA,NA,NA,NA,NA
1989,1,21,6,1344,1345,2055,2052,UA,190,NA,311,307,NA,3,-1,HNL,LAX,2556,NA,NA,0,NA,0,NA,NA,NA,NA,NA
1989,1,22,7,1341,1345,2038,2052,UA,190,NA,297,307,NA,-14,-4,HNL,LAX,2556,NA,NA,0,NA,0,NA,NA,NA,NA,NA
1989,1,23,1,1345,1345,2103,2052,UA,190,NA,318,307,NA,11,0,HNL,LAX,2556,NA,NA,0,NA,0,NA,NA,NA,NA,NA
1989,1,24,2,1343,1345,2107,2052,UA,190,NA,324,307,NA,15,-2,HNL,LAX,2556,NA,NA,0,NA,0,NA,NA,NA,NA,NA
1989,1,25,3,1347,1345,2114,2052,UA,190,NA,327,307,NA,22,2,HNL,LAX,2556,NA,NA,0,NA,0,NA,NA,NA,NA,NA
1989,1,26,4,1342,1345,2103,2052,UA,190,NA,321,307,NA,11,-3,HNL,LAX,2556,NA,NA,0,NA,0,NA,NA,NA,NA,NA
1989,1,27,5,1344,1345,2121,2052,UA,190,NA,337,307,NA,29,-1,HNL,LAX,2556,NA,NA,0,NA,0,NA,NA,NA,NA,NA
1989,1,28,6,1344,1345,2055,2052,UA,190,NA,311,307,NA,3,-1,HNL,LAX,2556,NA,NA,0,NA,0,NA,NA,NA,NA,NA
1989,1,29,7,1344,1345,2129,2052,UA,190,NA,345,307,NA,37,-1,HNL,LAX,2556,NA,NA,0,NA,0,NA,NA,NA,NA,NA
1989,1,30,1,1343,1345,2120,2052,UA,190,NA,337,307,NA,28,-2,HNL,LAX,2556,NA,NA,0,NA,0,NA,NA,NA,NA,NA
1989,1,31,2,1346,1345,2111,2052,UA,190,NA,325,307,NA,19,1,HNL,LAX,2556,NA,NA,0,NA,0,NA,NA,NA,NA,NA
1989,1,1,7,1537,1340,1812,1609,UA,191,NA,335,329,NA,123,117,IAD,LAX,2288,NA,NA,0,NA,0,NA,NA,NA,NA,NA
1989,1,2,1,1402,1340,1652,1609,UA,191,NA,350,329,NA,43,22,IAD,LAX,2288,NA,NA,0,NA,0,NA,NA,NA,NA,NA
1989,1,3,2,1343,1340,1631,1609,UA,191,NA,348,329,NA,22,3,IAD,LAX,2288,NA,NA,0,NA,0,NA,NA,NA,NA,NA
1989,1,4,3,1346,1340,1618,1609,UA,191,NA,332,329,NA,9,6,IAD,LAX,2288,NA,NA,0,NA,0,NA,NA,NA,NA,NA
1989,1,5,4,1340,1340,1631,1609,UA,191,NA,351,329,NA,22,0,IAD,LAX,2288,NA,NA,0,NA,0,NA,NA,NA,NA,NA
1989,1,6,5,1402,1340,1746,1609,UA,191,NA,404,329,NA,97,22,IAD,LAX,2288,NA,NA,0,NA,0,NA,NA,NA,NA,NA
1989,1,7,6,1340,1340,1636,1609,UA,191,NA,356,329,NA,27,0,IAD,LAX,2288,NA,NA,0,NA,0,NA,NA,NA,NA,NA
1989,1,8,7,1349,1340,1644,1609,UA,191,NA,355,329,NA,35,9,IAD,LAX,2288,NA,NA,0,NA,0,NA,NA,NA,NA,NA
1989,1,9,1,1345,1340,1625,1609,UA,191,NA,340,329,NA,16,5,IAD,LAX,2288,NA,NA,0,NA,0,NA,NA,NA,NA,NA
1989,1,10,2,1347,1340,1620,1609,UA,191,NA,333,329,NA,11,7,IAD,LAX,2288,NA,NA,0,NA,0,NA,NA,NA,NA,NA
1989,1,11,3,1345,1340,1624,1609,UA,191,NA,339,329,NA,15,5,IAD,LAX,2288,NA,NA,0,NA,0,NA,NA,NA,NA,NA
1989,1,12,4,1342,1340,1613,1609,UA,191,NA,331,329,NA,4,2,IAD,LAX,2288,NA,NA,0,NA,0,NA,NA,NA,NA,NA
1989,1,13,5,1340,1340,1607,1609,UA,191,NA,327,329,NA,-2,0,IAD,LAX,2288,NA,NA,0,NA,0,NA,NA,NA,NA,NA
1989,1,14,6,1340,1340,1637,1609,UA,191,NA,357,329,NA,28,0,IAD,LAX,2288,NA,NA,0,NA,0,NA,NA,NA,NA,NA
1989,1,15,7,1349,1340,1654,1609,UA,191,NA,365,329,NA,45,9,IAD,LAX,2288,NA,NA,0,NA,0,NA,NA,NA,NA,NA
1989,1,16,1,1338,1340,1612,1609,UA,191,NA,334,329,NA,3,-2,IAD,LAX,2288,NA,NA,0,NA,0,NA,NA,NA,NA,NA
1989,1,17,2,1340,1340,1600,1609,UA,191,NA,320,329,NA,-9,0,IAD,LAX,2288,NA,NA,0,NA,0,NA,NA,NA,NA,NA
1989,1,18,3,1341,1340,1558,1609,UA,191,NA,317,329,NA,-11,1,IAD,LAX,2288,NA,NA,0,NA,0,NA,NA,NA,NA,NA
1989,1,19,4,1340,1340,1558,1609,UA,191,NA,318,329,NA,-11,0,IAD,LAX,2288,NA,NA,0,NA,0,NA,NA,NA,NA,NA
1989,1,20,5,1342,1340,1605,1609,UA,191,NA,323,329,NA,-4,2,IAD,LAX,2288,NA,NA,0,NA,0,NA,NA,NA,NA,NA
1989,1,21,6,1345,1340,1605,1609,UA,191,NA,320,329,NA,-4,5,IAD,LAX,2288,NA,NA,0,NA,0,NA,NA,NA,NA,NA
1989,1,22,7,1345,1340,1608,1609,UA,191,NA,323,329,NA,-1,5,IAD,LAX,2288,NA,NA,0,NA,0,NA,NA,NA,NA,NA
1989,1,23,1,1341,1340,1612,1609,UA,191,NA,331,329,NA,3,1,IAD,LAX,2288,NA,NA,0,NA,0,NA,NA,NA,NA,NA
1989,1,24,2,1343,1340,1605,1609,UA,191,NA,322,329,NA,-4,3,IAD,LAX,2288,NA,NA,0,NA,0,NA,NA,NA,NA,NA
1989,1,25,3,1341,1340,1605,1609,UA,191,NA,324,329,NA,-4,1,IAD,LAX,2288,NA,NA,0,NA,0,NA,NA,NA,NA,NA
1989,1,26,4,1418,1340,1640,1609,UA,191,NA,322,329,NA,31,38,IAD,LAX,2288,NA,NA,0,NA,0,NA,NA,NA,NA,NA
1989,1,28,6,1342,1340,1549,1609,UA,191,NA,307,329,NA,-20,2,IAD,LAX,2288,NA,NA,0,NA,0,NA,NA,NA,NA,NA
1989,1,29,7,1340,1340,1539,1609,UA,191,NA,299,329,NA,-30,0,IAD,LAX,2288,NA,NA,0,NA,0,NA,NA,NA,NA,NA
1989,1,30,1,1346,1340,1546,1609,UA,191,NA,300,329,NA,-23,6,IAD,LAX,2288,NA,NA,0,NA,0,NA,NA,NA,NA,NA
1989,1,31,2,1338,1340,1547,1609,UA,191,NA,309,329,NA,-22,-2,IAD,LAX,2288,NA,NA,0,NA,0,NA,NA,NA,NA,NA
1989,1,1,7,16,20,759,718,UA,192,NA,343,298,NA,41,-4,HNL,LAX,2556,NA,NA,0,NA,0,NA,NA,NA,NA,NA
1989,1,8,7,22,20,814,718,UA,192,NA,352,298,NA,56,2,HNL,LAX,2556,NA,NA,0,NA,0,NA,NA,NA,NA,NA
1989,1,15,7,16,20,732,718,UA,192,NA,316,298,NA,14,-4,HNL,LAX,2556,NA,NA,0,NA,0,NA,NA,NA,NA,NA
1989,1,29,7,21,20,748,718,UA,192,NA,327,298,NA,30,1,HNL,LAX,2556,NA,NA,0,NA,0,NA,NA,NA,NA,NA
1989,1,1,7,758,800,1037,1045,UA,193,NA,339,345,NA,-8,-2,EWR,LAX,2454,NA,NA,0,NA,0,NA,NA,NA,NA,NA
1989,1,2,1,811,800,1126,1045,UA,193,NA,375,345,NA,41,11,EWR,LAX,2454,NA,NA,0,NA,0,NA,NA,NA,NA,NA
1989,1,3,2,821,800,1116,1045,UA,193,NA,355,345,NA,31,21,EWR,LAX,2454,NA,NA,0,NA,0,NA,NA,NA,NA,NA
1989,1,4,3,812,800,1100,1045,UA,193,NA,348,345,NA,15,12,EWR,LAX,2454,NA,NA,0,NA,0,NA,NA,NA,NA,NA
1989,1,5,4,813,800,1114,1045,UA,193,NA,361,345,NA,29,13,EWR,LAX,2454,NA,NA,0,NA,0,NA,NA,NA,NA,NA
1989,1,6,5,801,800,1055,1045,UA,193,NA,354,345,NA,10,1,EWR,LAX,2454,NA,NA,0,NA,0,NA,NA,NA,NA,NA
1989,1,7,6,809,800,1129,1045,UA,193,NA,380,345,NA,44,9,EWR,LAX,2454,NA,NA,0,NA,0,NA,NA,NA,NA,NA
1989,1,8,7,800,800,1100,1045,UA,193,NA,360,345,NA,15,0,EWR,LAX,2454,NA,NA,0,NA,0,NA,NA,NA,NA,NA
1989,1,9,1,847,800,1201,1045,UA,193,NA,374,345,NA,76,47,EWR,LAX,2454,NA,NA,0,NA,0,NA,NA,NA,NA,NA
1989,1,10,2,803,800,1100,1045,UA,193,NA,357,345,NA,15,3,EWR,LAX,2454,NA,NA,0,NA,0,NA,NA,NA,NA,NA
1989,1,11,3,759,800,1049,1045,UA,193,NA,350,345,NA,4,-1,EWR,LAX,2454,NA,NA,0,NA,0,NA,NA,NA,NA,NA
1989,1,12,4,803,800,1048,1045,UA,193,NA,345,345,NA,3,3,EWR,LAX,2454,NA,NA,0,NA,0,NA,NA,NA,NA,NA
1989,1,13,5,758,800,1040,1045,UA,193,NA,342,345,NA,-5,-2,EWR,LAX,2454,NA,NA,0,NA,0,NA,NA,NA,NA,NA
1989,1,14,6,759,800,1050,1045,UA,193,NA,351,345,NA,5,-1,EWR,LAX,2454,NA,NA,0,NA,0,NA,NA,NA,NA,NA
1989,1,15,7,759,800,1053,1045,UA,193,NA,354,345,NA,8,-1,EWR,LAX,2454,NA,NA,0,NA,0,NA,NA,NA,NA,NA
1989,1,16,1,803,800,1052,1045,UA,193,NA,349,345,NA,7,3,EWR,LAX,2454,NA,NA,0,NA,0,NA,NA,NA,NA,NA
1989,1,17,2,758,800,1048,1045,UA,193,NA,350,345,NA,3,-2,EWR,LAX,2454,NA,NA,0,NA,0,NA,NA,NA,NA,NA
1989,1,18,3,802,800,1031,1045,UA,193,NA,329,345,NA,-14,2,EWR,LAX,2454,NA,NA,0,NA,0,NA,NA,NA,NA,NA
1989,1,19,4,804,800,1051,1045,UA,193,NA,347,345,NA,6,4,EWR,LAX,2454,NA,NA,0,NA,0,NA,NA,NA,NA,NA
1989,1,20,5,759,800,1034,1045,UA,193,NA,335,345,NA,-11,-1,EWR,LAX,2454,NA,NA,0,NA,0,NA,NA,NA,NA,NA
1989,1,21,6,758,800,1027,1045,UA,193,NA,329,345,NA,-18,-2,EWR,LAX,2454,NA,NA,0,NA,0,NA,NA,NA,NA,NA
1989,1,22,7,800,800,1029,1045,UA,193,NA,329,345,NA,-16,0,EWR,LAX,2454,NA,NA,0,NA,0,NA,NA,NA,NA,NA
1989,1,23,1,759,800,1029,1045,UA,193,NA,330,345,NA,-16,-1,EWR,LAX,2454,NA,NA,0,NA,0,NA,NA,NA,NA,NA
1989,1,24,2,803,800,1043,1045,UA,193,NA,340,345,NA,-2,3,EWR,LAX,2454,NA,NA,0,NA,0,NA,NA,NA,NA,NA
